{"cameraMode":{"drawMode":0,"name":"Shaded","section":"Shading Mode"},"sceneLighting":true,"audioPlay":false,"sceneViewState":{"showFog":true,"showMaterialUpdate":false,"showSkybox":true,"showFlares":true,"showImageEffects":true,"showParticleSystems":true},"in2DMode":false,"pivot":{"x":2.977919816970825,"y":2.430703639984131,"z":3.743731737136841},"rotation":{"x":-0.35021501779556277,"y":0.6172237396240234,"z":-0.355294406414032,"w":-0.6084003448486328},"size":6.993286609649658,"orthographic":false}